http,119.101.114.244:9999,湖北省潜江市 电信
http,119.101.113.130:9999,湖北省潜江市 电信
http,119.39.238.47:9999,湖南省娄底市 联通
http,119.101.114.239:9999,湖北省潜江市 电信
http,119.101.113.103:9999,湖北省潜江市 电信
http,119.39.238.99:9999,湖南省娄底市 联通
http,119.101.112.149:9999,湖北省潜江市 电信
http,119.101.112.40:9999,湖北省潜江市 电信
http,119.101.117.183:9999,湖北省潜江市 电信
http,118.187.58.34:53281,北京市 北京网联光通技术有限公司(信联云网)
http,119.101.115.83:9999,湖北省潜江市 电信
http,119.101.114.143:9999,湖北省潜江市 电信
http,119.101.113.174:9999,湖北省潜江市 电信
http,119.101.112.209:9999,湖北省潜江市 电信
http,119.101.115.228:9999,湖北省潜江市 电信
http,119.101.114.74:9999,湖北省潜江市 电信
http,119.101.114.6:9999,湖北省潜江市 电信
http,119.101.115.168:9999,湖北省潜江市 电信
http,119.101.112.107:9999,湖北省潜江市 电信
http,119.101.114.220:9999,湖北省潜江市 电信
http,119.101.117.1:9999,湖北省潜江市 电信
http,119.101.115.103:9999,湖北省潜江市 电信
http,119.101.115.141:9999,湖北省潜江市 电信
http,119.101.116.130:9999,湖北省潜江市 电信
http,111.197.236.152:9999,北京市 联通
http,119.101.116.141:9999,湖北省潜江市 电信
http,119.101.112.65:9999,湖北省潜江市 电信
http,119.101.115.101:9999,湖北省潜江市 电信
http,119.101.117.95:9999,湖北省潜江市 电信
http,119.101.113.221:9999,湖北省潜江市 电信
http,119.101.116.226:9999,湖北省潜江市 电信
http,119.101.112.136:9999,湖北省潜江市 电信
http,119.101.113.130:9999,湖北省潜江市 电信
http,119.101.115.181:9999,湖北省潜江市 电信
http,119.39.238.47:9999,湖南省娄底市 联通
http,119.101.115.184:9999,湖北省潜江市 电信
http,119.101.112.149:9999,湖北省潜江市 电信
http,119.101.117.163:9999,湖北省潜江市 电信
http,119.101.117.183:9999,湖北省潜江市 电信
http,118.187.58.34:53281,北京市 北京网联光通技术有限公司(信联云网)
http,119.101.115.158:9999,湖北省潜江市 电信
http,119.39.238.213:9999,湖南省娄底市 联通
http,27.184.51.151:8118,河北省石家庄市 电信
http,119.101.112.209:9999,湖北省潜江市 电信
http,119.101.115.168:9999,湖北省潜江市 电信
