https,119.101.114.254:9999,湖北省潜江市 电信
https,119.101.113.86:9999,湖北省潜江市 电信
https,119.101.113.14:9999,湖北省潜江市 电信
https,119.101.117.75:9999,湖北省潜江市 电信
https,119.101.112.123:9999,湖北省潜江市 电信
https,119.101.116.210:9999,湖北省潜江市 电信
https,175.165.161.43:1133,辽宁省葫芦岛市 联通
https,119.101.113.58:9999,湖北省潜江市 电信
https,119.39.238.50:9999,湖南省岳阳市 联通
https,119.101.115.2:9999,湖北省潜江市 电信
https,119.101.116.193:9999,湖北省潜江市 电信
https,119.101.115.19:9999,湖北省潜江市 电信
https,119.101.116.73:9999,湖北省潜江市 电信
https,119.101.118.18:9999,湖北省潜江市 电信
https,119.101.114.25:9999,湖北省潜江市 电信
https,119.39.238.26:9999,湖南省岳阳市 联通
https,110.52.234.109:9999,湖南省岳阳市 联通
https,110.52.234.201:9999,湖南省岳阳市 联通
https,119.101.116.62:9999,湖北省潜江市 电信
https,119.101.112.66:9999,湖北省潜江市 电信
https,119.101.116.90:9999,湖北省潜江市 电信
https,110.52.234.72:9999,湖南省岳阳市 联通
https,119.101.113.120:9999,湖北省潜江市 电信
https,119.101.114.87:9999,湖北省潜江市 电信
https,119.101.116.66:9999,湖北省潜江市 电信
https,110.52.234.24:9999,湖南省岳阳市 联通
https,119.101.112.190:9999,湖北省潜江市 电信
https,119.101.114.130:9999,湖北省潜江市 电信
https,119.101.113.35:9999,湖北省潜江市 电信
https,119.101.112.51:9999,湖北省潜江市 电信
https,119.101.114.129:9999,湖北省潜江市 电信
https,119.101.113.163:9999,湖北省潜江市 电信
https,119.101.116.225:9999,湖北省潜江市 电信
https,119.101.113.246:9999,湖北省潜江市 电信
https,119.101.113.25:9999,湖北省潜江市 电信
https,119.101.112.206:9999,湖北省潜江市 电信
https,119.101.117.230:9999,湖北省潜江市 电信
https,119.101.115.68:9999,湖北省潜江市 电信
https,119.101.115.131:9999,湖北省潜江市 电信
https,119.101.114.217:9999,湖北省潜江市 电信
https,119.101.115.73:9999,湖北省潜江市 电信
https,119.101.116.98:9999,湖北省潜江市 电信
https,119.101.116.24:9999,湖北省潜江市 电信
https,111.177.179.16:9999,湖北省随州市 电信
https,119.101.112.133:9999,湖北省潜江市 电信
https,119.101.112.251:9999,湖北省潜江市 电信
https,119.101.113.68:9999,湖北省潜江市 电信
https,119.39.238.117:9999,湖南省岳阳市 联通
https,119.101.113.191:9999,湖北省潜江市 电信
https,119.101.116.77:9999,湖北省潜江市 电信
https,119.101.117.26:9999,湖北省潜江市 电信
https,119.101.117.238:9999,湖北省潜江市 电信
https,119.101.114.44:9999,湖北省潜江市 电信
https,119.101.113.122:9999,湖北省潜江市 电信
https,119.101.112.83:9999,湖北省潜江市 电信
https,111.177.177.12:9999,湖北省随州市 电信
https,119.101.113.118:9999,湖北省潜江市 电信
https,119.101.115.219:9999,湖北省潜江市 电信
https,119.101.117.249:9999,湖北省潜江市 电信
https,119.101.112.125:9999,湖北省潜江市 电信
https,119.101.115.245:9999,湖北省潜江市 电信
https,119.101.113.28:9999,湖北省潜江市 电信
https,119.101.112.237:9999,湖北省潜江市 电信
https,119.101.115.135:9999,湖北省潜江市 电信
https,119.101.113.139:9999,湖北省潜江市 电信
https,119.39.238.254:9999,湖南省岳阳市 联通
https,119.101.114.105:9999,湖北省潜江市 电信
https,119.101.116.182:9999,湖北省潜江市 电信
https,119.101.113.235:9999,湖北省潜江市 电信
https,119.101.114.201:9999,湖北省潜江市 电信
https,119.101.113.14:9999,湖北省潜江市 电信
https,119.101.116.121:9999,湖北省潜江市 电信
https,119.101.113.86:9999,湖北省潜江市 电信
https,119.101.113.54:9999,湖北省潜江市 电信
https,119.101.112.123:9999,湖北省潜江市 电信
https,175.165.161.43:1133,辽宁省葫芦岛市 联通
https,119.101.117.145:9999,湖北省潜江市 电信
https,119.101.116.154:9999,湖北省潜江市 电信
https,119.101.113.58:9999,湖北省潜江市 电信
https,119.101.116.210:9999,湖北省潜江市 电信
https,119.101.117.75:9999,湖北省潜江市 电信
https,119.101.112.69:9999,湖北省潜江市 电信
https,119.39.238.50:9999,湖南省岳阳市 联通
https,119.101.116.131:9999,湖北省潜江市 电信
https,119.101.116.5:9999,湖北省潜江市 电信
https,119.101.116.73:9999,湖北省潜江市 电信
https,119.101.114.25:9999,湖北省潜江市 电信
https,110.52.234.109:9999,湖南省岳阳市 联通
https,119.101.112.66:9999,湖北省潜江市 电信
https,119.101.112.187:9999,湖北省潜江市 电信
https,119.101.116.86:9999,湖北省潜江市 电信
https,119.101.112.90:9999,湖北省潜江市 电信
https,110.52.234.72:9999,湖南省岳阳市 联通
https,119.101.116.90:9999,湖北省潜江市 电信
https,119.101.112.190:9999,湖北省潜江市 电信
https,119.101.116.66:9999,湖北省潜江市 电信
https,119.101.117.44:9999,湖北省潜江市 电信
https,119.101.115.50:9999,湖北省潜江市 电信
